ff,6f,35,19,01,f0,e2,02,10,1c,03,84,06,04,7c,f8,05,00,00,06,00,00,07,00,00,08,00,00,09,00,00,0a,00,00,0b,00,00,0c,00,00,0d,00,00,0e,00,00,0f,00,00,10,00,00,b4
ff,6f,35,19,01,f0,e2,02,10,1c,03,58,04,04,a8,fa,05,00,00,06,00,00,07,c8,00,08,c8,00,09,00,00,0a,00,00,0b,00,00,0c,00,00,0d,00,00,0e,00,00,0f,c8,00,10,c8,00,bc
ff,6f,35,19,01,f0,e2,02,10,1c,03,b0,08,04,50,f6,05,00,00,06,00,00,07,00,00,08,00,00,09,00,00,0a,00,00,0b,00,00,0c,00,00,0d,00,00,0e,00,00,0f,00,00,10,00,00,ac
ff,6f,35,19,01,f0,e2,02,10,1c,03,58,04,04,a8,fa,05,00,00,06,00,00,07,38,fe,08,38,fe,09,00,00,0a,00,00,0b,00,00,0c,00,00,0d,00,00,0e,00,00,0f,38,fe,10,38,fe,bc
ff,6f,35,19,01,f0,e2,02,10,1c,03,b0,08,04,50,f6,05,00,00,06,00,00,07,00,00,08,00,00,09,00,00,0a,00,00,0b,00,00,0c,00,00,0d,00,00,0e,00,00,0f,00,00,10,00,00,ac
ff,6f,35,19,01,f0,e2,02,10,1c,03,58,04,04,a8,fa,05,00,00,06,00,00,07,c8,00,08,c8,00,09,00,00,0a,00,00,0b,00,00,0c,00,00,0d,00,00,0e,00,00,0f,c8,00,10,c8,00,bc
ff,6f,35,19,01,f0,e2,02,10,1c,03,b0,08,04,50,f6,05,00,00,06,00,00,07,00,00,08,00,00,09,00,00,0a,00,00,0b,00,00,0c,00,00,0d,00,00,0e,00,00,0f,00,00,10,00,00,ac
ff,6f,35,19,01,f0,e2,02,10,1c,03,58,04,04,a8,fa,05,00,00,06,00,00,07,38,fe,08,38,fe,09,00,00,0a,00,00,0b,00,00,0c,00,00,0d,00,00,0e,00,00,0f,38,fe,10,38,fe,bc
ff,6f,35,19,01,f0,e2,02,10,1c,03,b0,08,04,50,f6,05,00,00,06,00,00,07,00,00,08,00,00,09,00,00,0a,00,00,0b,00,00,0c,00,00,0d,00,00,0e,00,00,0f,00,00,10,00,00,ac
ff,6f,35,19,01,f0,e2,02,10,1c,03,58,04,04,a8,fa,05,00,00,06,00,00,07,c8,00,08,c8,00,09,00,00,0a,00,00,0b,00,00,0c,00,00,0d,00,00,0e,00,00,0f,c8,00,10,c8,00,bc
ff,6f,35,19,01,f0,e2,02,10,1c,03,b0,08,04,50,f6,05,00,00,06,00,00,07,00,00,08,00,00,09,00,00,0a,00,00,0b,00,00,0c,00,00,0d,00,00,0e,00,00,0f,00,00,10,00,00,ac
ff,6f,35,19,01,f0,e2,02,10,1c,03,58,04,04,a8,fa,05,00,00,06,00,00,07,38,fe,08,38,fe,09,00,00,0a,00,00,0b,00,00,0c,00,00,0d,00,00,0e,00,00,0f,38,fe,10,38,fe,bc
ff,6f,35,19,01,f0,e2,02,10,1c,03,b0,08,04,50,f6,05,00,00,06,00,00,07,00,00,08,00,00,09,00,00,0a,00,00,0b,00,00,0c,00,00,0d,00,00,0e,00,00,0f,00,00,10,00,00,ac
ff,6f,35,19,01,f0,e2,02,10,1c,03,58,04,04,a8,fa,05,00,00,06,00,00,07,c8,00,08,c8,00,09,00,00,0a,00,00,0b,00,00,0c,00,00,0d,00,00,0e,00,00,0f,c8,00,10,c8,00,bc
ff,6f,35,19,01,f0,e2,02,10,1c,03,b0,08,04,50,f6,05,00,00,06,00,00,07,00,00,08,00,00,09,00,00,0a,00,00,0b,00,00,0c,00,00,0d,00,00,0e,00,00,0f,00,00,10,00,00,ac
ff,6f,35,19,01,f0,e2,02,10,1c,03,58,04,04,a8,fa,05,00,00,06,00,00,07,38,fe,08,38,fe,09,00,00,0a,00,00,0b,00,00,0c,00,00,0d,00,00,0e,00,00,0f,38,fe,10,38,fe,bc
ff,6f,35,19,01,f0,e2,02,10,1c,03,b0,08,04,50,f6,05,00,00,06,00,00,07,00,00,08,00,00,09,00,00,0a,00,00,0b,00,00,0c,00,00,0d,00,00,0e,00,00,0f,00,00,10,00,00,ac
ff,6f,35,19,01,f0,e2,02,10,1c,03,58,04,04,a8,fa,05,00,00,06,00,00,07,c8,00,08,c8,00,09,00,00,0a,00,00,0b,00,00,0c,00,00,0d,00,00,0e,00,00,0f,c8,00,10,c8,00,bc
ff,6f,35,19,01,f0,e2,02,10,1c,03,b0,08,04,50,f6,05,00,00,06,00,00,07,00,00,08,00,00,09,00,00,0a,00,00,0b,00,00,0c,00,00,0d,00,00,0e,00,00,0f,00,00,10,00,00,ac
ff,6f,35,19,01,f0,e2,02,10,1c,03,58,04,04,a8,fa,05,00,00,06,00,00,07,38,fe,08,38,fe,09,00,00,0a,00,00,0b,00,00,0c,00,00,0d,00,00,0e,00,00,0f,38,fe,10,38,fe,bc
ff,6f,35,19,01,f0,e2,02,10,1c,03,b0,08,04,50,f6,05,00,00,06,00,00,07,00,00,08,00,00,09,00,00,0a,00,00,0b,00,00,0c,00,00,0d,00,00,0e,00,00,0f,00,00,10,00,00,ac
ff,6f,35,64,01,00,00,02,00,00,03,dc,0a,04,24,f4,05,00,00,06,00,00,07,00,00,08,00,00,09,00,00,0a,00,00,0b,00,00,0c,00,00,0d,00,00,0e,00,00,0f,00,00,10,00,00,d7
