ff,6f,35,28,01,48,e8,02,b8,16,03,08,0e,04,f8,f0,05,84,06,06,7c,f8,07,00,00,08,00,00,09,78,0a,0a,88,f4,0b,88,f4,0c,78,0a,0d,70,fc,0e,90,02,0f,00,00,10,00,00,85
ff,6f,35,28,01,48,e8,02,b8,16,03,b0,08,04,50,f6,05,00,00,06,00,00,07,90,02,08,c8,00,09,e8,06,0a,18,f8,0b,e0,f8,0c,20,06,0d,38,fe,0e,c8,00,0f,c8,00,10,00,00,21
ff,6f,35,28,01,48,e8,02,b8,16,03,08,0e,04,f8,f0,05,84,06,06,7c,f8,07,00,00,08,00,00,09,78,0a,0a,88,f4,0b,88,f4,0c,78,0a,0d,70,fc,0e,90,02,0f,00,00,10,00,00,85
ff,6f,35,28,01,48,e8,02,b8,16,03,b0,08,04,50,f6,05,00,00,06,00,00,07,38,fe,08,70,fc,09,e8,06,0a,18,f8,0b,e0,f8,0c,20,06,0d,38,fe,0e,c8,00,0f,00,00,10,38,fe,3f
ff,6f,35,28,01,48,e8,02,b8,16,03,08,0e,04,f8,f0,05,84,06,06,7c,f8,07,00,00,08,00,00,09,78,0a,0a,88,f4,0b,88,f4,0c,78,0a,0d,70,fc,0e,90,02,0f,00,00,10,00,00,85
ff,6f,35,28,01,48,e8,02,b8,16,03,b0,08,04,50,f6,05,00,00,06,00,00,07,90,02,08,c8,00,09,e8,06,0a,18,f8,0b,e0,f8,0c,20,06,0d,38,fe,0e,c8,00,0f,c8,00,10,00,00,21
ff,6f,35,28,01,48,e8,02,b8,16,03,08,0e,04,f8,f0,05,84,06,06,7c,f8,07,00,00,08,00,00,09,78,0a,0a,88,f4,0b,88,f4,0c,78,0a,0d,70,fc,0e,90,02,0f,00,00,10,00,00,85
ff,6f,35,28,01,48,e8,02,b8,16,03,b0,08,04,50,f6,05,00,00,06,00,00,07,38,fe,08,70,fc,09,e8,06,0a,18,f8,0b,e0,f8,0c,20,06,0d,38,fe,0e,c8,00,0f,00,00,10,38,fe,3f
ff,6f,35,28,01,48,e8,02,b8,16,03,08,0e,04,f8,f0,05,84,06,06,7c,f8,07,00,00,08,00,00,09,78,0a,0a,88,f4,0b,88,f4,0c,78,0a,0d,70,fc,0e,90,02,0f,00,00,10,00,00,85
ff,6f,35,28,01,48,e8,02,b8,16,03,b0,08,04,50,f6,05,00,00,06,00,00,07,90,02,08,c8,00,09,e8,06,0a,18,f8,0b,e0,f8,0c,20,06,0d,38,fe,0e,c8,00,0f,c8,00,10,00,00,21
ff,6f,35,28,01,48,e8,02,b8,16,03,08,0e,04,f8,f0,05,84,06,06,7c,f8,07,00,00,08,00,00,09,78,0a,0a,88,f4,0b,88,f4,0c,78,0a,0d,70,fc,0e,90,02,0f,00,00,10,00,00,85
ff,6f,35,28,01,48,e8,02,b8,16,03,b0,08,04,50,f6,05,00,00,06,00,00,07,38,fe,08,70,fc,09,e8,06,0a,18,f8,0b,e0,f8,0c,20,06,0d,38,fe,0e,c8,00,0f,00,00,10,38,fe,3f
ff,6f,35,28,01,48,e8,02,b8,16,03,08,0e,04,f8,f0,05,84,06,06,7c,f8,07,00,00,08,00,00,09,78,0a,0a,88,f4,0b,88,f4,0c,78,0a,0d,70,fc,0e,90,02,0f,00,00,10,00,00,85
ff,6f,35,28,01,48,e8,02,b8,16,03,b0,08,04,50,f6,05,00,00,06,00,00,07,90,02,08,c8,00,09,e8,06,0a,18,f8,0b,e0,f8,0c,20,06,0d,38,fe,0e,c8,00,0f,c8,00,10,00,00,21
ff,6f,35,28,01,48,e8,02,b8,16,03,08,0e,04,f8,f0,05,84,06,06,7c,f8,07,00,00,08,00,00,09,78,0a,0a,88,f4,0b,88,f4,0c,78,0a,0d,70,fc,0e,90,02,0f,00,00,10,00,00,85
ff,6f,35,28,01,48,e8,02,b8,16,03,b0,08,04,50,f6,05,00,00,06,00,00,07,38,fe,08,70,fc,09,e8,06,0a,18,f8,0b,e0,f8,0c,20,06,0d,38,fe,0e,c8,00,0f,00,00,10,38,fe,3f
ff,6f,35,28,01,48,e8,02,b8,16,03,08,0e,04,f8,f0,05,84,06,06,7c,f8,07,00,00,08,00,00,09,78,0a,0a,88,f4,0b,88,f4,0c,78,0a,0d,70,fc,0e,90,02,0f,00,00,10,00,00,85
ff,6f,35,28,01,48,e8,02,b8,16,03,08,0e,04,f8,f0,05,84,06,06,7c,f8,07,00,00,08,00,00,09,78,0a,0a,88,f4,0b,88,f4,0c,78,0a,0d,70,fc,0e,90,02,0f,00,00,10,00,00,85
ff,6f,35,28,01,00,00,02,00,00,03,dc,0a,04,24,f4,05,00,00,06,00,00,07,00,00,08,00,00,09,00,00,0a,00,00,0b,00,00,0c,00,00,0d,00,00,0e,00,00,0f,00,00,10,00,00,9b
