ff,6f,35,14,01,30,f0,02,d0,0e,03,e8,06,04,30,f0,05,00,00,06,18,f8,07,c8,00,08,38,fe,09,20,06,0a,e0,f8,0b,e0,f8,0c,20,06,0d,38,fe,0e,c8,00,0f,c8,00,10,38,fe,7f
ff,6f,35,14,01,d8,ea,02,78,0a,03,dc,0a,04,24,f4,05,f4,02,06,0c,fc,07,c8,00,08,38,fe,09,00,00,0a,00,00,0b,00,00,0c,00,00,0d,00,00,0e,00,00,0f,38,fe,10,c8,00,e1
ff,6f,35,14,01,30,f0,02,d0,0e,03,d0,0e,04,18,f8,05,e8,06,06,00,00,07,c8,00,08,38,fe,09,20,06,0a,e0,f8,0b,e0,f8,0c,20,06,0d,38,fe,0e,c8,00,0f,c8,00,10,38,fe,61
ff,6f,35,14,01,88,f4,02,28,14,03,dc,0a,04,24,f4,05,f4,02,06,0c,fc,07,c8,00,08,38,fe,09,00,00,0a,00,00,0b,00,00,0c,00,00,0d,00,00,0e,00,00,0f,58,04,10,a8,fa,e1
ff,6f,35,14,01,30,f0,02,d0,0e,03,e8,06,04,30,f0,05,00,00,06,18,f8,07,c8,00,08,38,fe,09,20,06,0a,e0,f8,0b,e0,f8,0c,20,06,0d,38,fe,0e,c8,00,0f,c8,00,10,38,fe,7f
ff,6f,35,14,01,d8,ea,02,78,0a,03,dc,0a,04,24,f4,05,f4,02,06,0c,fc,07,c8,00,08,38,fe,09,00,00,0a,00,00,0b,00,00,0c,00,00,0d,00,00,0e,00,00,0f,38,fe,10,c8,00,e1
ff,6f,35,14,01,30,f0,02,d0,0e,03,d0,0e,04,18,f8,05,e8,06,06,00,00,07,c8,00,08,38,fe,09,20,06,0a,e0,f8,0b,e0,f8,0c,20,06,0d,38,fe,0e,c8,00,0f,c8,00,10,38,fe,61
ff,6f,35,14,01,88,f4,02,28,14,03,dc,0a,04,24,f4,05,f4,02,06,0c,fc,07,c8,00,08,38,fe,09,00,00,0a,00,00,0b,00,00,0c,00,00,0d,00,00,0e,00,00,0f,58,04,10,a8,fa,e1
ff,6f,35,14,01,30,f0,02,d0,0e,03,e8,06,04,30,f0,05,00,00,06,18,f8,07,c8,00,08,38,fe,09,20,06,0a,e0,f8,0b,e0,f8,0c,20,06,0d,38,fe,0e,c8,00,0f,c8,00,10,38,fe,7f
ff,6f,35,14,01,d8,ea,02,78,0a,03,dc,0a,04,24,f4,05,f4,02,06,0c,fc,07,c8,00,08,38,fe,09,00,00,0a,00,00,0b,00,00,0c,00,00,0d,00,00,0e,00,00,0f,38,fe,10,c8,00,e1
ff,6f,35,14,01,30,f0,02,d0,0e,03,d0,0e,04,18,f8,05,e8,06,06,00,00,07,c8,00,08,38,fe,09,20,06,0a,e0,f8,0b,e0,f8,0c,20,06,0d,38,fe,0e,c8,00,0f,c8,00,10,38,fe,61
ff,6f,35,14,01,88,f4,02,28,14,03,dc,0a,04,24,f4,05,f4,02,06,0c,fc,07,c8,00,08,38,fe,09,00,00,0a,00,00,0b,00,00,0c,00,00,0d,00,00,0e,00,00,0f,58,04,10,a8,fa,e1
ff,6f,35,14,01,30,f0,02,d0,0e,03,e8,06,04,30,f0,05,00,00,06,18,f8,07,c8,00,08,38,fe,09,20,06,0a,e0,f8,0b,e0,f8,0c,20,06,0d,38,fe,0e,c8,00,0f,c8,00,10,38,fe,7f
ff,6f,35,14,01,d8,ea,02,78,0a,03,dc,0a,04,24,f4,05,f4,02,06,0c,fc,07,c8,00,08,38,fe,09,00,00,0a,00,00,0b,00,00,0c,00,00,0d,00,00,0e,00,00,0f,38,fe,10,c8,00,e1
ff,6f,35,14,01,30,f0,02,d0,0e,03,d0,0e,04,18,f8,05,e8,06,06,00,00,07,c8,00,08,38,fe,09,20,06,0a,e0,f8,0b,e0,f8,0c,20,06,0d,38,fe,0e,c8,00,0f,c8,00,10,38,fe,61
ff,6f,35,14,01,88,f4,02,28,14,03,dc,0a,04,24,f4,05,f4,02,06,0c,fc,07,c8,00,08,38,fe,09,00,00,0a,00,00,0b,00,00,0c,00,00,0d,00,00,0e,00,00,0f,58,04,10,a8,fa,e1
ff,6f,35,14,01,30,f0,02,d0,0e,03,e8,06,04,30,f0,05,00,00,06,18,f8,07,c8,00,08,38,fe,09,20,06,0a,e0,f8,0b,e0,f8,0c,20,06,0d,38,fe,0e,c8,00,0f,c8,00,10,38,fe,7f
ff,6f,35,14,01,d8,ea,02,78,0a,03,dc,0a,04,24,f4,05,f4,02,06,0c,fc,07,c8,00,08,38,fe,09,00,00,0a,00,00,0b,00,00,0c,00,00,0d,00,00,0e,00,00,0f,38,fe,10,c8,00,e1
ff,6f,35,14,01,30,f0,02,d0,0e,03,d0,0e,04,18,f8,05,e8,06,06,00,00,07,c8,00,08,38,fe,09,20,06,0a,e0,f8,0b,e0,f8,0c,20,06,0d,38,fe,0e,c8,00,0f,c8,00,10,38,fe,61
ff,6f,35,14,01,88,f4,02,28,14,03,dc,0a,04,24,f4,05,f4,02,06,0c,fc,07,c8,00,08,38,fe,09,00,00,0a,00,00,0b,00,00,0c,00,00,0d,00,00,0e,00,00,0f,58,04,10,a8,fa,e1
ff,6f,35,64,01,00,00,02,00,00,03,b0,08,04,50,f6,05,58,04,06,a8,fa,07,00,00,08,00,00,09,c8,00,0a,38,fe,0b,70,fc,0c,90,02,0d,38,fe,0e,c8,00,0f,00,00,10,00,00,df